序号,城市,时间,AQI指数,空气质量级别,首要污染物
1,北京市,2014-09-13 00:00,90,良,PM2.5
2,天津市,2014-09-13 00:00,80,良,PM2.5
3,石家庄市,2014-09-13 00:00,58,良,PM10
4,唐山市,2014-09-13 00:00,124,轻度污染,PM2.5
5,秦皇岛市,2014-09-13 00:00,95,良,PM2.5
6,邯郸市,2014-09-13 00:00,83,良,PM2.5
7,邢台市,2014-09-13 00:00,88,良,PM2.5
8,保定市,2014-09-13 00:00,72,良,PM2.5
9,承德市,2014-09-13 00:00,83,良,PM2.5
10,沧州市,2014-09-13 00:00,68,良,PM2.5
11,廊坊市,2014-09-13 00:00,75,良,PM2.5
12,衡水市,2014-09-13 00:00,105,轻度污染,PM2.5
13,张家口市,2014-09-13 00:00,32,优,None
14,太原市,2014-09-13 00:00,35,优,None
15,大同市,2014-09-13 00:00,29,优,None
16,阳泉市,2014-09-13 00:00,57,良,PM10
17,长治市,2014-09-13 00:00,26,优,None
18,临汾市,2014-09-13 00:00,40,优,None
19,呼和浩特市,2014-09-13 00:00,57,良,PM10
20,包头市,2014-09-13 00:00,91,良,PM10
21,赤峰市,2014-09-13 00:00,101,轻度污染,PM10
22,鄂尔多斯市,2014-09-13 00:00,54,良,PM10
23,沈阳市,2014-09-13 00:00,77,良,PM10
24,大连市,2014-09-13 00:00,70,良,PM10
25,鞍山市,2014-09-13 00:00,111,轻度污染,PM10
26,抚顺市,2014-09-13 00:00,71,良,PM10
27,本溪市,2014-09-13 00:00,63,良,PM10
28,丹东市,2014-09-13 00:00,63,良,PM10
29,锦州市,2014-09-13 00:00,69,良,PM10
30,营口市,2014-09-13 00:00,52,良,PM10
31,盘锦市,2014-09-13 00:00,75,良,PM10
32,葫芦岛市,2014-09-13 00:00,73,良,PM10
33,长春市,2014-09-13 00:00,124,轻度污染,PM10
34,吉林市,2014-09-13 00:00,72,良,PM10
35,哈尔滨市,2014-09-13 00:00,75,良,PM10
36,齐齐哈尔市,2014-09-13 00:00,29,优,None
37,大庆市,2014-09-13 00:00,38,优,None
38,牡丹江市,2014-09-13 00:00,52,良,PM10
39,上海市,2014-09-13 00:00,55,良,PM2.5
40,南京市,2014-09-13 00:00,28,优,None
41,无锡市,2014-09-13 00:00,60,良,PM2.5
42,徐州市,2014-09-13 00:00,69,良,PM10
43,常州市,2014-09-13 00:00,39,优,None
44,苏州市,2014-09-13 00:00,64,良,PM2.5
45,南通市,2014-09-13 00:00,28,优,None
46,连云港市,2014-09-13 00:00,25,优,None
47,淮安市,2014-09-13 00:00,27,优,None
48,盐城市,2014-09-13 00:00,31,优,None
49,扬州市,2014-09-13 00:00,30,优,None
50,镇江市,2014-09-13 00:00,25,优,None
51,泰州市,2014-09-13 00:00,25,优,None
52,宿迁市,2014-09-13 00:00,28,优,None
53,杭州市,2014-09-13 00:00,90,良,PM2.5
54,宁波市,2014-09-13 00:00,47,优,None
55,温州市,2014-09-13 00:00,55,良,PM10
56,嘉兴市,2014-09-13 00:00,80,良,PM2.5
57,湖州市,2014-09-13 00:00,63,良,PM2.5
58,金华市,2014-09-13 00:00,35,优,None
59,衢州市,2014-09-13 00:00,56,良,PM10
60,舟山市,2014-09-13 00:00,40,优,None
61,台州市,2014-09-13 00:00,43,优,None
62,丽水市,2014-09-13 00:00,45,优,None
63,绍兴市,2014-09-13 00:00,53,良,PM10
64,合肥市,2014-09-13 00:00,25,优,None
65,芜湖市,2014-09-13 00:00,30,优,None
66,马鞍山市,2014-09-13 00:00,64,良,PM10
67,福州市,2014-09-13 00:00,53,良,PM10
68,厦门市,2014-09-13 00:00,28,优,None
69,泉州市,2014-09-13 00:00,89,良,PM10
70,南昌市,2014-09-13 00:00,43,优,None
71,九江市,2014-09-13 00:00,35,优,None
72,济南市,2014-09-13 00:00,88,良,PM2.5
73,青岛市,2014-09-13 00:00,38,优,None
74,淄博市,2014-09-13 00:00,128,轻度污染,PM2.5
75,枣庄市,2014-09-13 00:00,70,良,PM10
76,东营市,2014-09-13 00:00,57,良,PM10
77,烟台市,2014-09-13 00:00,46,优,None
78,潍坊市,2014-09-13 00:00,77,良,PM2.5
79,济宁市,2014-09-13 00:00,87,良,PM2.5
80,泰安市,2014-09-13 00:00,101,轻度污染,PM10
81,威海市,2014-09-13 00:00,45,优,None
82,日照市,2014-09-13 00:00,27,优,None
83,莱芜市,2014-09-13 00:00,130,轻度污染,PM2.5
84,临沂市,2014-09-13 00:00,66,良,PM10
85,德州市,2014-09-13 00:00,75,良,PM2.5
86,聊城市,2014-09-13 00:00,94,良,PM2.5
87,滨州市,2014-09-13 00:00,84,良,PM2.5
88,菏泽市,2014-09-13 00:00,93,良,PM2.5
89,郑州市,2014-09-13 00:00,73,良,PM2.5
90,开封市,2014-09-13 00:00,73,良,PM2.5
91,洛阳市,2014-09-13 00:00,53,良,PM10
92,平顶山市,2014-09-13 00:00,53,良,PM10
93,安阳市,2014-09-13 00:00,68,良,PM2.5
94,焦作市,2014-09-13 00:00,52,良,PM10
95,三门峡市,2014-09-13 00:00,80,良,PM10
96,武汉市,2014-09-13 00:00,18,优,None
97,宜昌市,2014-09-13 00:00,40,优,None
98,荆州市,2014-09-13 00:00,39,优,None
99,长沙市,2014-09-13 00:00,83,良,PM2.5
100,株洲市,2014-09-13 00:00,105,轻度污染,PM2.5
101,湘潭市,2014-09-13 00:00,62,良,PM2.5
102,岳阳市,2014-09-13 00:00,57,良,PM10
103,常德市,2014-09-13 00:00,24,优,None
104,张家界市,2014-09-13 00:00,23,优,None
105,广州市,2014-09-13 00:00,33,优,None
106,韶关市,2014-09-13 00:00,20,优,None
107,深圳市,2014-09-13 00:00,22,优,None
108,珠海市,2014-09-13 00:00,19,优,None
109,汕头市,2014-09-13 00:00,15,优,None
110,佛山市,2014-09-13 00:00,29,优,None
111,江门市,2014-09-13 00:00,39,优,None
112,湛江市,2014-09-13 00:00,22,优,None
113,茂名市,2014-09-13 00:00,47,优,None
114,肇庆市,2014-09-13 00:00,47,优,None
115,惠州市,2014-09-13 00:00,22,优,None
116,梅州市,2014-09-13 00:00,48,优,None
117,汕尾市,2014-09-13 00:00,18,优,None
118,河源市,2014-09-13 00:00,37,优,None
119,阳江市,2014-09-13 00:00,50,优,None
120,清远市,2014-09-13 00:00,35,优,None
121,东莞市,2014-09-13 00:00,33,优,None
122,中山市,2014-09-13 00:00,32,优,None
123,潮州市,2014-09-13 00:00,26,优,None
124,揭阳市,2014-09-13 00:00,24,优,None
125,云浮市,2014-09-13 00:00,46,优,None
126,南宁市,2014-09-13 00:00,61,良,PM10
127,柳州市,2014-09-13 00:00,62,良,PM10
128,桂林市,2014-09-13 00:00,74,良,PM2.5
129,北海市,2014-09-13 00:00,20,优,None
130,海口市,2014-09-13 00:00,41,优,None
131,三亚市,2014-09-13 00:00,22,优,None
132,重庆市,2014-09-13 00:00,57,良,PM10
133,成都市,2014-09-13 00:00,51,良,PM10
134,自贡市,2014-09-13 00:00,70,良,PM10
135,攀枝花市,2014-09-13 00:00,51,良,PM10
136,泸州市,2014-09-13 00:00,38,优,None
137,德阳市,2014-09-13 00:00,24,优,None
138,绵阳市,2014-09-13 00:00,34,优,None
139,南充市,2014-09-13 00:00,36,优,None
140,宜宾市,2014-09-13 00:00,47,优,None
141,贵阳市,2014-09-13 00:00,48,优,None
142,遵义市,2014-09-13 00:00,63,良,PM2.5
143,昆明市,2014-09-13 00:00,65,良,PM10
144,曲靖市,2014-09-13 00:00,52,良,PM10
145,玉溪市,2014-09-13 00:00,42,优,None
146,拉萨市,2014-09-13 00:00,60,良,PM10
147,西安市,2014-09-13 00:00,42,优,None
148,铜川市,2014-09-13 00:00,30,优,None
149,宝鸡市,2014-09-13 00:00,49,优,None
150,咸阳市,2014-09-13 00:00,30,优,None
151,渭南市,2014-09-13 00:00,40,优,None
152,延安市,2014-09-13 00:00,43,优,None
153,兰州市,2014-09-13 00:00,90,良,PM10
154,嘉峪关市,2014-09-13 00:00,143,轻度污染,PM10
155,金昌市,2014-09-13 00:00,29,优,None
156,西宁市,2014-09-13 00:00,88,良,PM2.5
157,银川市,2014-09-13 00:00,87,良,PM10
158,石嘴山市,2014-09-13 00:00,36,优,None
159,乌鲁木齐市,2014-09-13 00:00,65,良,PM10
160,克拉玛依市,2014-09-13 00:00,57,良,PM10
161,库尔勒市,2014-09-13 00:00,71,良,PM10
162,北京市,2014-09-12 23:00,92,良,PM2.5
163,天津市,2014-09-12 23:00,80,良,PM2.5
164,石家庄市,2014-09-12 23:00,57,良,PM10
165,唐山市,2014-09-12 23:00,130,轻度污染,PM2.5
166,秦皇岛市,2014-09-12 23:00,75,良,PM10
167,邯郸市,2014-09-12 23:00,79,良,PM2.5
168,邢台市,2014-09-12 23:00,99,良,PM2.5
169,保定市,2014-09-12 23:00,65,良,PM10
170,承德市,2014-09-12 23:00,85,良,PM2.5
171,沧州市,2014-09-12 23:00,60,良,PM2.5
172,廊坊市,2014-09-12 23:00,71,良,PM10
173,衡水市,2014-09-12 23:00,98,良,PM2.5
174,张家口市,2014-09-12 23:00,33,优,None
175,太原市,2014-09-12 23:00,35,优,None
176,大同市,2014-09-12 23:00,29,优,None
177,阳泉市,2014-09-12 23:00,61,良,PM10
178,长治市,2014-09-12 23:00,28,优,None
179,临汾市,2014-09-12 23:00,39,优,None
180,呼和浩特市,2014-09-12 23:00,59,良,PM10
181,包头市,2014-09-12 23:00,92,良,PM10
182,赤峰市,2014-09-12 23:00,113,轻度污染,PM10
183,鄂尔多斯市,2014-09-12 23:00,56,良,PM10
184,沈阳市,2014-09-12 23:00,67,良,PM10
185,大连市,2014-09-12 23:00,60,良,PM2.5
186,鞍山市,2014-09-12 23:00,96,良,PM10
187,抚顺市,2014-09-12 23:00,67,良,PM10
188,本溪市,2014-09-12 23:00,64,良,PM10
189,丹东市,2014-09-12 23:00,70,良,PM10
190,锦州市,2014-09-12 23:00,68,良,PM10
191,营口市,2014-09-12 23:00,45,优,None
192,盘锦市,2014-09-12 23:00,100,良,PM10
193,葫芦岛市,2014-09-12 23:00,83,良,PM10
194,长春市,2014-09-12 23:00,130,轻度污染,PM10
195,吉林市,2014-09-12 23:00,89,良,PM10
196,哈尔滨市,2014-09-12 23:00,82,良,PM10
197,齐齐哈尔市,2014-09-12 23:00,26,优,None
198,大庆市,2014-09-12 23:00,43,优,None
199,牡丹江市,2014-09-12 23:00,57,良,PM10
200,上海市,2014-09-12 23:00,50,优,None
201,南京市,2014-09-12 23:00,23,优,None
202,无锡市,2014-09-12 23:00,60,良,PM2.5
203,徐州市,2014-09-12 23:00,60,良,PM10
204,常州市,2014-09-12 23:00,32,优,None
205,苏州市,2014-09-12 23:00,72,良,PM2.5
206,南通市,2014-09-12 23:00,28,优,None
207,连云港市,2014-09-12 23:00,27,优,None
208,淮安市,2014-09-12 23:00,28,优,None
209,盐城市,2014-09-12 23:00,30,优,None
210,扬州市,2014-09-12 23:00,24,优,None
211,镇江市,2014-09-12 23:00,34,优,None
212,泰州市,2014-09-12 23:00,39,优,None
213,宿迁市,2014-09-12 23:00,24,优,None
214,杭州市,2014-09-12 23:00,88,良,PM2.5
215,宁波市,2014-09-12 23:00,46,优,None
216,温州市,2014-09-12 23:00,55,良,PM10
217,嘉兴市,2014-09-12 23:00,69,良,PM2.5
218,湖州市,2014-09-12 23:00,69,良,PM2.5
219,金华市,2014-09-12 23:00,45,优,None
220,衢州市,2014-09-12 23:00,54,良,PM10
221,舟山市,2014-09-12 23:00,37,优,None
222,台州市,2014-09-12 23:00,42,优,None
223,丽水市,2014-09-12 23:00,46,优,None
224,绍兴市,2014-09-12 23:00,67,良,PM2.5
225,合肥市,2014-09-12 23:00,19,优,None
226,芜湖市,2014-09-12 23:00,35,优,None
227,马鞍山市,2014-09-12 23:00,39,优,None
228,福州市,2014-09-12 23:00,48,优,None
229,厦门市,2014-09-12 23:00,25,优,None
230,泉州市,2014-09-12 23:00,60,良,PM10
231,南昌市,2014-09-12 23:00,45,优,None
232,九江市,2014-09-12 23:00,37,优,None
233,济南市,2014-09-12 23:00,85,良,PM2.5
234,青岛市,2014-09-12 23:00,34,优,None
235,淄博市,2014-09-12 23:00,125,轻度污染,PM2.5
236,枣庄市,2014-09-12 23:00,71,良,PM10
237,东营市,2014-09-12 23:00,66,良,PM10
238,烟台市,2014-09-12 23:00,46,优,None
239,潍坊市,2014-09-12 23:00,79,良,PM2.5
240,济宁市,2014-09-12 23:00,87,良,PM2.5
241,泰安市,2014-09-12 23:00,100,良,PM10
242,威海市,2014-09-12 23:00,37,优,None
243,日照市,2014-09-12 23:00,33,优,None
244,莱芜市,2014-09-12 23:00,128,轻度污染,PM2.5
245,临沂市,2014-09-12 23:00,61,良,PM10
246,德州市,2014-09-12 23:00,85,良,PM2.5
247,聊城市,2014-09-12 23:00,97,良,PM2.5
248,滨州市,2014-09-12 23:00,87,良,PM2.5
249,菏泽市,2014-09-12 23:00,83,良,PM2.5
250,郑州市,2014-09-12 23:00,68,良,PM2.5
251,开封市,2014-09-12 23:00,75,良,PM2.5
252,洛阳市,2014-09-12 23:00,53,良,PM10
253,平顶山市,2014-09-12 23:00,53,良,PM10
254,安阳市,2014-09-12 23:00,67,良,PM2.5
255,焦作市,2014-09-12 23:00,48,优,None
256,三门峡市,2014-09-12 23:00,80,良,PM2.5
257,武汉市,2014-09-12 23:00,18,优,None
258,宜昌市,2014-09-12 23:00,51,良,PM10
259,荆州市,2014-09-12 23:00,42,优,None
260,长沙市,2014-09-12 23:00,82,良,PM2.5
261,株洲市,2014-09-12 23:00,100,良,PM2.5
262,湘潭市,2014-09-12 23:00,67,良,PM2.5
263,岳阳市,2014-09-12 23:00,61,良,PM10
264,常德市,2014-09-12 23:00,33,优,None
265,张家界市,2014-09-12 23:00,33,优,None
266,广州市,2014-09-12 23:00,37,优,None
267,韶关市,2014-09-12 23:00,26,优,None
268,深圳市,2014-09-12 23:00,22,优,None
269,珠海市,2014-09-12 23:00,19,优,None
270,汕头市,2014-09-12 23:00,19,优,None
271,佛山市,2014-09-12 23:00,28,优,None
272,江门市,2014-09-12 23:00,39,优,None
273,湛江市,2014-09-12 23:00,23,优,None
274,茂名市,2014-09-12 23:00,51,良,PM10
275,肇庆市,2014-09-12 23:00,41,优,None
276,惠州市,2014-09-12 23:00,25,优,None
277,梅州市,2014-09-12 23:00,50,优,None
278,汕尾市,2014-09-12 23:00,16,优,None
279,河源市,2014-09-12 23:00,42,优,None
280,阳江市,2014-09-12 23:00,39,优,None
281,清远市,2014-09-12 23:00,36,优,None
282,东莞市,2014-09-12 23:00,32,优,None
283,中山市,2014-09-12 23:00,36,优,None
284,潮州市,2014-09-12 23:00,23,优,None
285,揭阳市,2014-09-12 23:00,23,优,None
286,云浮市,2014-09-12 23:00,39,优,None
287,南宁市,2014-09-12 23:00,57,良,PM10
288,柳州市,2014-09-12 23:00,61,良,PM10
289,桂林市,2014-09-12 23:00,88,良,PM10
290,北海市,2014-09-12 23:00,20,优,None
291,海口市,2014-09-12 23:00,30,优,None
292,三亚市,2014-09-12 23:00,30,优,None
293,重庆市,2014-09-12 23:00,62,良,PM10
294,成都市,2014-09-12 23:00,48,优,None
295,自贡市,2014-09-12 23:00,76,良,PM10
296,攀枝花市,2014-09-12 23:00,51,良,PM10
297,泸州市,2014-09-12 23:00,44,优,None
298,德阳市,2014-09-12 23:00,17,优,None
299,绵阳市,2014-09-12 23:00,29,优,None
300,南充市,2014-09-12 23:00,40,优,None
301,宜宾市,2014-09-12 23:00,52,良,PM10
302,贵阳市,2014-09-12 23:00,48,优,None
303,遵义市,2014-09-12 23:00,65,良,PM2.5
304,昆明市,2014-09-12 23:00,61,良,PM10
305,曲靖市,2014-09-12 23:00,52,良,PM10
306,玉溪市,2014-09-12 23:00,37,优,None
307,拉萨市,2014-09-12 23:00,55,良,PM10
308,西安市,2014-09-12 23:00,42,优,None
309,铜川市,2014-09-12 23:00,29,优,None
310,宝鸡市,2014-09-12 23:00,54,良,PM10
311,咸阳市,2014-09-12 23:00,30,优,None
312,渭南市,2014-09-12 23:00,38,优,None
313,延安市,2014-09-12 23:00,39,优,None
314,兰州市,2014-09-12 23:00,105,轻度污染,PM2.5
315,嘉峪关市,2014-09-12 23:00,373,严重污染,PM10
316,金昌市,2014-09-12 23:00,28,优,None
317,西宁市,2014-09-12 23:00,83,良,PM2.5
318,银川市,2014-09-12 23:00,74,良,PM2.5
319,石嘴山市,2014-09-12 23:00,55,良,PM10
320,乌鲁木齐市,2014-09-12 23:00,75,良,PM10
321,克拉玛依市,2014-09-12 23:00,59,良,PM10
322,库尔勒市,2014-09-12 23:00,70,良,PM10
323,北京市,2014-09-12 22:00,89,良,PM2.5
324,天津市,2014-09-12 22:00,75,良,PM10
325,石家庄市,2014-09-12 22:00,57,良,PM2.5
326,唐山市,2014-09-12 22:00,123,轻度污染,PM2.5
327,秦皇岛市,2014-09-12 22:00,87,良,PM2.5
328,邯郸市,2014-09-12 22:00,73,良,PM10
329,邢台市,2014-09-12 22:00,89,良,PM10
330,保定市,2014-09-12 22:00,68,良,PM2.5
331,承德市,2014-09-12 22:00,89,良,PM2.5
332,沧州市,2014-09-12 22:00,64,良,PM10
333,廊坊市,2014-09-12 22:00,72,良,PM10
334,衡水市,2014-09-12 22:00,120,轻度污染,PM2.5
335,张家口市,2014-09-12 22:00,31,优,None
336,太原市,2014-09-12 22:00,36,优,None
337,大同市,2014-09-12 22:00,27,优,None
338,阳泉市,2014-09-12 22:00,52,良,PM10
339,长治市,2014-09-12 22:00,30,优,None
340,临汾市,2014-09-12 22:00,40,优,None
341,呼和浩特市,2014-09-12 22:00,57,良,PM10
342,包头市,2014-09-12 22:00,83,良,PM2.5
343,赤峰市,2014-09-12 22:00,112,轻度污染,PM10
344,鄂尔多斯市,2014-09-12 22:00,53,良,PM10
345,沈阳市,2014-09-12 22:00,76,良,PM10
346,大连市,2014-09-12 22:00,65,良,PM10
347,鞍山市,2014-09-12 22:00,130,轻度污染,PM10
348,抚顺市,2014-09-12 22:00,65,良,PM10
349,本溪市,2014-09-12 22:00,61,良,PM10
350,丹东市,2014-09-12 22:00,66,良,PM10
351,锦州市,2014-09-12 22:00,68,良,PM10
352,营口市,2014-09-12 22:00,41,优,None
353,盘锦市,2014-09-12 22:00,69,良,PM10
354,葫芦岛市,2014-09-12 22:00,85,良,PM10
355,长春市,2014-09-12 22:00,137,轻度污染,PM10
356,吉林市,2014-09-12 22:00,76,良,PM10
357,哈尔滨市,2014-09-12 22:00,82,良,PM2.5
358,齐齐哈尔市,2014-09-12 22:00,29,优,None
359,大庆市,2014-09-12 22:00,42,优,None
360,牡丹江市,2014-09-12 22:00,58,良,PM10
361,上海市,2014-09-12 22:00,48,优,None
362,南京市,2014-09-12 22:00,22,优,None
363,无锡市,2014-09-12 22:00,62,良,PM2.5
364,徐州市,2014-09-12 22:00,59,良,PM10
365,常州市,2014-09-12 22:00,23,优,None
366,苏州市,2014-09-12 22:00,75,良,PM2.5
367,南通市,2014-09-12 22:00,30,优,None
368,连云港市,2014-09-12 22:00,30,优,None
369,淮安市,2014-09-12 22:00,28,优,None
370,盐城市,2014-09-12 22:00,30,优,None
371,扬州市,2014-09-12 22:00,31,优,None
372,镇江市,2014-09-12 22:00,36,优,None
373,泰州市,2014-09-12 22:00,39,优,None
374,宿迁市,2014-09-12 22:00,25,优,None
375,杭州市,2014-09-12 22:00,89,良,PM2.5
376,宁波市,2014-09-12 22:00,47,优,None
377,温州市,2014-09-12 22:00,53,良,PM10
378,嘉兴市,2014-09-12 22:00,62,良,PM2.5
379,湖州市,2014-09-12 22:00,77,良,PM2.5
380,金华市,2014-09-12 22:00,30,优,None
381,衢州市,2014-09-12 22:00,50,优,None
382,舟山市,2014-09-12 22:00,37,优,None
383,台州市,2014-09-12 22:00,49,优,None
384,丽水市,2014-09-12 22:00,37,优,None
385,绍兴市,2014-09-12 22:00,93,良,PM2.5
386,合肥市,2014-09-12 22:00,21,优,None
387,芜湖市,2014-09-12 22:00,37,优,None
388,马鞍山市,2014-09-12 22:00,36,优,None
389,福州市,2014-09-12 22:00,43,优,None
390,厦门市,2014-09-12 22:00,32,优,None
391,泉州市,2014-09-12 22:00,37,优,None
392,南昌市,2014-09-12 22:00,55,良,PM10
393,九江市,2014-09-12 22:00,35,优,None
394,济南市,2014-09-12 22:00,80,良,PM2.5
395,青岛市,2014-09-12 22:00,34,优,None
396,淄博市,2014-09-12 22:00,119,轻度污染,PM2.5
397,枣庄市,2014-09-12 22:00,72,良,PM10
398,东营市,2014-09-12 22:00,71,良,PM10
399,烟台市,2014-09-12 22:00,35,优,None
400,潍坊市,2014-09-12 22:00,94,良,PM2.5
401,济宁市,2014-09-12 22:00,82,良,PM2.5
402,泰安市,2014-09-12 22:00,87,良,PM10
403,威海市,2014-09-12 22:00,33,优,None
404,日照市,2014-09-12 22:00,33,优,None
405,莱芜市,2014-09-12 22:00,127,轻度污染,PM2.5
406,临沂市,2014-09-12 22:00,60,良,PM10
407,德州市,2014-09-12 22:00,74,良,PM2.5
408,聊城市,2014-09-12 22:00,95,良,PM2.5
409,滨州市,2014-09-12 22:00,79,良,PM2.5
410,菏泽市,2014-09-12 22:00,69,良,PM2.5
411,郑州市,2014-09-12 22:00,63,良,PM10
412,开封市,2014-09-12 22:00,77,良,PM2.5
413,洛阳市,2014-09-12 22:00,51,良,PM10
414,平顶山市,2014-09-12 22:00,52,良,PM10,PM2.5
415,安阳市,2014-09-12 22:00,65,良,PM2.5
416,焦作市,2014-09-12 22:00,41,优,None
417,三门峡市,2014-09-12 22:00,94,良,PM2.5
418,武汉市,2014-09-12 22:00,16,优,None
419,宜昌市,2014-09-12 22:00,43,优,None
420,荆州市,2014-09-12 22:00,44,优,None
421,长沙市,2014-09-12 22:00,83,良,PM2.5
422,株洲市,2014-09-12 22:00,92,良,PM10
423,湘潭市,2014-09-12 22:00,69,良,PM2.5
424,岳阳市,2014-09-12 22:00,60,良,PM10
425,常德市,2014-09-12 22:00,39,优,None
426,张家界市,2014-09-12 22:00,50,优,None
427,广州市,2014-09-12 22:00,38,优,None
428,韶关市,2014-09-12 22:00,41,优,None
429,深圳市,2014-09-12 22:00,26,优,None
430,珠海市,2014-09-12 22:00,22,优,None
431,汕头市,2014-09-12 22:00,17,优,None
432,佛山市,2014-09-12 22:00,30,优,None
433,江门市,2014-09-12 22:00,34,优,None
434,湛江市,2014-09-12 22:00,24,优,None
435,茂名市,2014-09-12 22:00,52,良,PM10
436,肇庆市,2014-09-12 22:00,41,优,None
437,惠州市,2014-09-12 22:00,27,优,None
438,梅州市,2014-09-12 22:00,57,良,PM10
439,汕尾市,2014-09-12 22:00,13,优,None
440,河源市,2014-09-12 22:00,54,良,PM10
441,阳江市,2014-09-12 22:00,58,良,PM2.5
442,清远市,2014-09-12 22:00,35,优,None
443,东莞市,2014-09-12 22:00,34,优,None
444,中山市,2014-09-12 22:00,27,优,None
445,潮州市,2014-09-12 22:00,20,优,None
446,揭阳市,2014-09-12 22:00,22,优,None
447,云浮市,2014-09-12 22:00,37,优,None
448,南宁市,2014-09-12 22:00,57,良,PM10
449,柳州市,2014-09-12 22:00,62,良,PM10
450,桂林市,2014-09-12 22:00,77,良,PM10
451,北海市,2014-09-12 22:00,20,优,None
452,海口市,2014-09-12 22:00,35,优,None
453,三亚市,2014-09-12 22:00,21,优,None
454,重庆市,2014-09-12 22:00,65,良,PM10
455,成都市,2014-09-12 22:00,48,优,None
456,自贡市,2014-09-12 22:00,70,良,PM10
457,攀枝花市,2014-09-12 22:00,55,良,PM10
458,泸州市,2014-09-12 22:00,42,优,None
459,德阳市,2014-09-12 22:00,22,优,None
460,绵阳市,2014-09-12 22:00,28,优,None
461,南充市,2014-09-12 22:00,48,优,None
462,宜宾市,2014-09-12 22:00,49,优,None
463,贵阳市,2014-09-12 22:00,44,优,None
464,遵义市,2014-09-12 22:00,68,良,PM2.5
465,昆明市,2014-09-12 22:00,61,良,PM10
466,曲靖市,2014-09-12 22:00,47,优,None
467,玉溪市,2014-09-12 22:00,37,优,None
468,拉萨市,2014-09-12 22:00,56,良,PM10
469,西安市,2014-09-12 22:00,38,优,None
470,铜川市,2014-09-12 22:00,33,优,None
471,宝鸡市,2014-09-12 22:00,54,良,PM10
472,咸阳市,2014-09-12 22:00,32,优,None
473,渭南市,2014-09-12 22:00,38,优,None
474,延安市,2014-09-12 22:00,41,优,None
475,兰州市,2014-09-12 22:00,112,轻度污染,PM2.5
476,嘉峪关市,2014-09-12 22:00,500,严重污染,PM10
477,金昌市,2014-09-12 22:00,28,优,None
478,西宁市,2014-09-12 22:00,70,良,PM10
479,银川市,2014-09-12 22:00,73,良,PM10
480,石嘴山市,2014-09-12 22:00,58,良,PM10
481,乌鲁木齐市,2014-09-12 22:00,65,良,PM10
482,克拉玛依市,2014-09-12 22:00,64,良,PM10
483,库尔勒市,2014-09-12 22:00,52,良,PM10
484,北京市,2014-09-12 21:00,89,良,PM2.5
485,天津市,2014-09-12 21:00,75,良,PM10
486,石家庄市,2014-09-12 21:00,56,良,PM10
487,唐山市,2014-09-12 21:00,115,轻度污染,PM2.5
488,秦皇岛市,2014-09-12 21:00,80,良,PM2.5
489,邯郸市,2014-09-12 21:00,80,良,PM10
490,邢台市,2014-09-12 21:00,87,良,PM10
491,保定市,2014-09-12 21:00,66,良,PM10
492,承德市,2014-09-12 21:00,100,良,PM2.5
493,沧州市,2014-09-12 21:00,62,良,PM10
494,廊坊市,2014-09-12 21:00,67,良,PM10
495,衡水市,2014-09-12 21:00,127,轻度污染,PM2.5
496,张家口市,2014-09-12 21:00,35,优,None
497,太原市,2014-09-12 21:00,35,优,None
498,大同市,2014-09-12 21:00,30,优,None
499,阳泉市,2014-09-12 21:00,51,良,PM10
500,长治市,2014-09-12 21:00,33,优,None
501,临汾市,2014-09-12 21:00,38,优,None
502,呼和浩特市,2014-09-12 21:00,55,良,PM10
503,包头市,2014-09-12 21:00,74,良,PM10
504,赤峰市,2014-09-12 21:00,106,轻度污染,PM10
505,鄂尔多斯市,2014-09-12 21:00,47,优,None
506,沈阳市,2014-09-12 21:00,86,良,PM10
507,大连市,2014-09-12 21:00,22,优,None
508,鞍山市,2014-09-12 21:00,114,轻度污染,PM10
509,抚顺市,2014-09-12 21:00,59,良,PM10
510,本溪市,2014-09-12 21:00,92,良,PM10
511,丹东市,2014-09-12 21:00,67,良,PM10
512,锦州市,2014-09-12 21:00,66,良,PM10
513,营口市,2014-09-12 21:00,40,优,None
514,盘锦市,2014-09-12 21:00,86,良,PM10
515,葫芦岛市,2014-09-12 21:00,67,良,PM10
516,长春市,2014-09-12 21:00,115,轻度污染,PM10
517,吉林市,2014-09-12 21:00,103,轻度污染,PM10
518,哈尔滨市,2014-09-12 21:00,82,良,PM10
519,齐齐哈尔市,2014-09-12 21:00,33,优,None
520,大庆市,2014-09-12 21:00,55,良,PM10
521,牡丹江市,2014-09-12 21:00,65,良,PM10
522,上海市,2014-09-12 21:00,52,良,PM10
523,南京市,2014-09-12 21:00,35,优,None
524,无锡市,2014-09-12 21:00,73,良,PM2.5
525,徐州市,2014-09-12 21:00,59,良,PM10
526,常州市,2014-09-12 21:00,26,优,None
527,苏州市,2014-09-12 21:00,72,良,PM2.5
528,南通市,2014-09-12 21:00,48,优,None
529,连云港市,2014-09-12 21:00,30,优,None
530,淮安市,2014-09-12 21:00,30,优,None
531,盐城市,2014-09-12 21:00,31,优,None
532,扬州市,2014-09-12 21:00,30,优,None
533,镇江市,2014-09-12 21:00,34,优,None
534,泰州市,2014-09-12 21:00,38,优,None
535,宿迁市,2014-09-12 21:00,26,优,None
536,杭州市,2014-09-12 21:00,79,良,PM2.5
537,宁波市,2014-09-12 21:00,46,优,None
538,温州市,2014-09-12 21:00,54,良,PM10
539,嘉兴市,2014-09-12 21:00,58,良,PM10,PM2.5
540,湖州市,2014-09-12 21:00,79,良,PM2.5
541,金华市,2014-09-12 21:00,29,优,None
542,衢州市,2014-09-12 21:00,56,良,PM10
543,舟山市,2014-09-12 21:00,33,优,None
544,台州市,2014-09-12 21:00,51,良,PM10
545,丽水市,2014-09-12 21:00,44,优,None
546,绍兴市,2014-09-12 21:00,89,良,PM2.5
547,合肥市,2014-09-12 21:00,19,优,None
548,芜湖市,2014-09-12 21:00,44,优,None
549,马鞍山市,2014-09-12 21:00,38,优,None
550,福州市,2014-09-12 21:00,44,优,None
551,厦门市,2014-09-12 21:00,29,优,None
552,泉州市,2014-09-12 21:00,41,优,None
553,南昌市,2014-09-12 21:00,63,良,PM2.5
554,九江市,2014-09-12 21:00,36,优,None
555,济南市,2014-09-12 21:00,78,良,PM2.5
556,青岛市,2014-09-12 21:00,33,优,None
557,淄博市,2014-09-12 21:00,100,良,PM2.5
558,枣庄市,2014-09-12 21:00,66,良,PM10
559,东营市,2014-09-12 21:00,58,良,PM10
560,烟台市,2014-09-12 21:00,43,优,None
561,潍坊市,2014-09-12 21:00,102,轻度污染,PM2.5
562,济宁市,2014-09-12 21:00,75,良,PM2.5
563,泰安市,2014-09-12 21:00,74,良,PM10
564,威海市,2014-09-12 21:00,27,优,None
565,日照市,2014-09-12 21:00,33,优,None
566,莱芜市,2014-09-12 21:00,120,轻度污染,PM2.5
567,临沂市,2014-09-12 21:00,69,良,PM10
568,德州市,2014-09-12 21:00,73,良,PM2.5
569,聊城市,2014-09-12 21:00,95,良,PM2.5
570,滨州市,2014-09-12 21:00,75,良,PM2.5
571,菏泽市,2014-09-12 21:00,74,良,PM2.5
572,郑州市,2014-09-12 21:00,76,良,PM10
573,开封市,2014-09-12 21:00,74,良,PM2.5
574,洛阳市,2014-09-12 21:00,48,优,None
575,平顶山市,2014-09-12 21:00,53,良,PM2.5
576,安阳市,2014-09-12 21:00,65,良,PM2.5
577,焦作市,2014-09-12 21:00,37,优,None
578,三门峡市,2014-09-12 21:00,74,良,PM10
579,武汉市,2014-09-12 21:00,18,优,None
580,宜昌市,2014-09-12 21:00,42,优,None
581,荆州市,2014-09-12 21:00,44,优,None
582,长沙市,2014-09-12 21:00,85,良,PM2.5
583,株洲市,2014-09-12 21:00,88,良,PM2.5
584,湘潭市,2014-09-12 21:00,78,良,PM2.5
585,岳阳市,2014-09-12 21:00,61,良,PM10
586,常德市,2014-09-12 21:00,48,优,None
587,张家界市,2014-09-12 21:00,56,良,PM10
588,广州市,2014-09-12 21:00,42,优,None
589,韶关市,2014-09-12 21:00,43,优,None
590,深圳市,2014-09-12 21:00,25,优,None
591,珠海市,2014-09-12 21:00,22,优,None
592,汕头市,2014-09-12 21:00,22,优,None
593,佛山市,2014-09-12 21:00,29,优,None
594,江门市,2014-09-12 21:00,23,优,None
595,湛江市,2014-09-12 21:00,31,优,None
596,茂名市,2014-09-12 21:00,51,良,PM10
597,肇庆市,2014-09-12 21:00,52,良,PM10
598,惠州市,2014-09-12 21:00,31,优,None
599,梅州市,2014-09-12 21:00,22,优,None
600,汕尾市,2014-09-12 21:00,15,优,None
601,河源市,2014-09-12 21:00,41,优,None
602,阳江市,2014-09-12 21:00,35,优,None
603,清远市,2014-09-12 21:00,32,优,None
604,东莞市,2014-09-12 21:00,30,优,None
605,中山市,2014-09-12 21:00,18,优,None
606,潮州市,2014-09-12 21:00,39,优,None
607,揭阳市,2014-09-12 21:00,22,优,None
608,云浮市,2014-09-12 21:00,55,良,PM10
609,南宁市,2014-09-12 21:00,57,良,PM10
610,柳州市,2014-09-12 21:00,68,良,PM10
611,桂林市,2014-09-12 21:00,64,良,PM2.5
612,北海市,2014-09-12 21:00,25,优,None
613,海口市,2014-09-12 21:00,42,优,None
614,三亚市,2014-09-12 21:00,17,优,None
615,重庆市,2014-09-12 21:00,60,良,PM10
616,成都市,2014-09-12 21:00,48,优,None
617,自贡市,2014-09-12 21:00,68,良,PM10
618,攀枝花市,2014-09-12 21:00,53,良,PM10
619,泸州市,2014-09-12 21:00,43,优,None
620,德阳市,2014-09-12 21:00,29,优,None
621,绵阳市,2014-09-12 21:00,27,优,None
622,南充市,2014-09-12 21:00,36,优,None
623,宜宾市,2014-09-12 21:00,51,良,PM10
624,贵阳市,2014-09-12 21:00,49,优,None
625,遵义市,2014-09-12 21:00,64,良,PM10
626,昆明市,2014-09-12 21:00,56,良,PM10
627,曲靖市,2014-09-12 21:00,45,优,None
628,玉溪市,2014-09-12 21:00,25,优,None
629,拉萨市,2014-09-12 21:00,57,良,PM10
630,西安市,2014-09-12 21:00,35,优,None
631,铜川市,2014-09-12 21:00,26,优,None
632,宝鸡市,2014-09-12 21:00,61,良,PM10
633,咸阳市,2014-09-12 21:00,30,优,None
634,渭南市,2014-09-12 21:00,33,优,None
635,延安市,2014-09-12 21:00,44,优,None
636,兰州市,2014-09-12 21:00,119,轻度污染,PM2.5
637,嘉峪关市,2014-09-12 21:00,79,良,PM10
638,金昌市,2014-09-12 21:00,32,优,None
639,西宁市,2014-09-12 21:00,71,良,PM10
640,银川市,2014-09-12 21:00,67,良,PM10
641,石嘴山市,2014-09-12 21:00,68,良,PM10
642,乌鲁木齐市,2014-09-12 21:00,57,良,PM10
643,克拉玛依市,2014-09-12 21:00,56,良,PM10
644,库尔勒市,2014-09-12 21:00,51,良,PM10
645,北京市,2014-09-12 20:00,82,良,PM2.5
646,天津市,2014-09-12 20:00,69,良,PM10
647,石家庄市,2014-09-12 20:00,53,良,PM10
648,唐山市,2014-09-12 20:00,118,轻度污染,PM2.5
649,秦皇岛市,2014-09-12 20:00,70,良,PM2.5
650,邯郸市,2014-09-12 20:00,70,良,PM2.5
651,邢台市,2014-09-12 20:00,55,良,PM10
652,保定市,2014-09-12 20:00,62,良,PM10
653,承德市,2014-09-12 20:00,92,良,PM2.5
654,沧州市,2014-09-12 20:00,58,良,PM10
655,廊坊市,2014-09-12 20:00,68,良,PM10
656,衡水市,2014-09-12 20:00,102,轻度污染,PM2.5
657,张家口市,2014-09-12 20:00,34,优,None
658,太原市,2014-09-12 20:00,37,优,None
659,大同市,2014-09-12 20:00,31,优,None
660,阳泉市,2014-09-12 20:00,48,优,None
661,长治市,2014-09-12 20:00,32,优,None
662,临汾市,2014-09-12 20:00,28,优,None
663,呼和浩特市,2014-09-12 20:00,50,优,None
664,包头市,2014-09-12 20:00,65,良,PM10
665,赤峰市,2014-09-12 20:00,93,良,PM10
666,鄂尔多斯市,2014-09-12 20:00,41,优,None
667,沈阳市,2014-09-12 20:00,84,良,PM10
668,大连市,2014-09-12 20:00,69,良,PM10
669,鞍山市,2014-09-12 20:00,89,良,PM10
670,抚顺市,2014-09-12 20:00,60,良,PM10
671,本溪市,2014-09-12 20:00,82,良,PM10
672,丹东市,2014-09-12 20:00,61,良,PM10
673,锦州市,2014-09-12 20:00,69,良,PM10
674,营口市,2014-09-12 20:00,42,优,None
675,盘锦市,2014-09-12 20:00,62,良,PM10
676,葫芦岛市,2014-09-12 20:00,56,良,PM10
677,长春市,2014-09-12 20:00,75,良,PM10
678,吉林市,2014-09-12 20:00,84,良,PM10
679,哈尔滨市,2014-09-12 20:00,67,良,PM10
680,齐齐哈尔市,2014-09-12 20:00,35,优,None
681,大庆市,2014-09-12 20:00,56,良,PM10
682,牡丹江市,2014-09-12 20:00,76,良,PM10
683,上海市,2014-09-12 20:00,54,良,PM10
684,南京市,2014-09-12 20:00,32,优,None
685,无锡市,2014-09-12 20:00,80,良,PM2.5
686,徐州市,2014-09-12 20:00,52,良,PM10
687,常州市,2014-09-12 20:00,30,优,None
688,苏州市,2014-09-12 20:00,69,良,PM10
689,南通市,2014-09-12 20:00,57,良,PM2.5
690,连云港市,2014-09-12 20:00,30,优,None
691,淮安市,2014-09-12 20:00,31,优,None
692,盐城市,2014-09-12 20:00,32,优,None
693,扬州市,2014-09-12 20:00,22,优,None
694,镇江市,2014-09-12 20:00,34,优,None
695,泰州市,2014-09-12 20:00,32,优,None
696,宿迁市,2014-09-12 20:00,25,优,None
697,杭州市,2014-09-12 20:00,78,良,PM2.5
698,宁波市,2014-09-12 20:00,46,优,None
699,温州市,2014-09-12 20:00,54,良,PM10
700,嘉兴市,2014-09-12 20:00,57,良,PM10
701,湖州市,2014-09-12 20:00,73,良,PM2.5
702,金华市,2014-09-12 20:00,31,优,None
703,衢州市,2014-09-12 20:00,57,良,PM10
704,舟山市,2014-09-12 20:00,34,优,None
705,台州市,2014-09-12 20:00,52,良,PM10,PM2.5
706,丽水市,2014-09-12 20:00,31,优,None
707,绍兴市,2014-09-12 20:00,85,良,PM2.5
708,合肥市,2014-09-12 20:00,19,优,None
709,芜湖市,2014-09-12 20:00,67,良,PM10,PM2.5
710,马鞍山市,2014-09-12 20:00,38,优,None
711,福州市,2014-09-12 20:00,45,优,None
712,厦门市,2014-09-12 20:00,30,优,None
713,泉州市,2014-09-12 20:00,47,优,None
714,南昌市,2014-09-12 20:00,90,良,PM10
715,九江市,2014-09-12 20:00,42,优,None
716,济南市,2014-09-12 20:00,77,良,PM2.5
717,青岛市,2014-09-12 20:00,33,优,None
718,淄博市,2014-09-12 20:00,102,轻度污染,PM2.5
719,枣庄市,2014-09-12 20:00,62,良,PM10
720,东营市,2014-09-12 20:00,57,良,PM10
721,烟台市,2014-09-12 20:00,46,优,None
722,潍坊市,2014-09-12 20:00,129,轻度污染,PM2.5
723,济宁市,2014-09-12 20:00,68,良,PM2.5
724,泰安市,2014-09-12 20:00,76,良,PM10
725,威海市,2014-09-12 20:00,31,优,None
726,日照市,2014-09-12 20:00,44,优,None
727,莱芜市,2014-09-12 20:00,119,轻度污染,PM2.5
728,临沂市,2014-09-12 20:00,73,良,PM10
729,德州市,2014-09-12 20:00,62,良,PM10,PM2.5
730,聊城市,2014-09-12 20:00,94,良,PM2.5
731,滨州市,2014-09-12 20:00,64,良,PM10
732,菏泽市,2014-09-12 20:00,82,良,PM2.5
733,郑州市,2014-09-12 20:00,72,良,PM10
734,开封市,2014-09-12 20:00,62,良,PM2.5
735,洛阳市,2014-09-12 20:00,45,优,None
736,平顶山市,2014-09-12 20:00,51,良,PM10
737,安阳市,2014-09-12 20:00,67,良,PM2.5
738,焦作市,2014-09-12 20:00,34,优,None
739,三门峡市,2014-09-12 20:00,79,良,PM2.5
740,武汉市,2014-09-12 20:00,20,优,None
741,宜昌市,2014-09-12 20:00,41,优,None
742,荆州市,2014-09-12 20:00,45,优,None
743,长沙市,2014-09-12 20:00,88,良,PM2.5
744,株洲市,2014-09-12 20:00,80,良,PM2.5
745,湘潭市,2014-09-12 20:00,73,良,PM2.5
746,岳阳市,2014-09-12 20:00,63,良,PM10
747,常德市,2014-09-12 20:00,56,良,PM10
748,张家界市,2014-09-12 20:00,53,良,PM10
749,广州市,2014-09-12 20:00,44,优,None
750,韶关市,2014-09-12 20:00,45,优,None
751,深圳市,2014-09-12 20:00,25,优,None
752,珠海市,2014-09-12 20:00,21,优,None
753,汕头市,2014-09-12 20:00,22,优,None
754,佛山市,2014-09-12 20:00,28,优,None
755,江门市,2014-09-12 20:00,33,优,None
756,湛江市,2014-09-12 20:00,33,优,None
757,茂名市,2014-09-12 20:00,44,优,None
758,肇庆市,2014-09-12 20:00,50,优,None
759,惠州市,2014-09-12 20:00,27,优,None
760,梅州市,2014-09-12 20:00,39,优,None
761,汕尾市,2014-09-12 20:00,15,优,None
762,河源市,2014-09-12 20:00,39,优,None
763,阳江市,2014-09-12 20:00,36,优,None
764,清远市,2014-09-12 20:00,36,优,None
765,东莞市,2014-09-12 20:00,32,优,None
766,中山市,2014-09-12 20:00,19,优,None
767,潮州市,2014-09-12 20:00,63,良,PM2.5
768,揭阳市,2014-09-12 20:00,34,优,None
769,云浮市,2014-09-12 20:00,66,良,PM10
770,南宁市,2014-09-12 20:00,61,良,PM10
771,柳州市,2014-09-12 20:00,64,良,PM10
772,桂林市,2014-09-12 20:00,62,良,PM2.5
773,北海市,2014-09-12 20:00,19,优,None
774,海口市,2014-09-12 20:00,40,优,None
775,三亚市,2014-09-12 20:00,20,优,None
776,重庆市,2014-09-12 20:00,54,良,PM10
777,成都市,2014-09-12 20:00,44,优,None
778,自贡市,2014-09-12 20:00,56,良,PM10
779,攀枝花市,2014-09-12 20:00,37,优,None
780,泸州市,2014-09-12 20:00,39,优,None
781,德阳市,2014-09-12 20:00,22,优,None
782,绵阳市,2014-09-12 20:00,27,优,None
783,南充市,2014-09-12 20:00,43,优,None
784,宜宾市,2014-09-12 20:00,38,优,None
785,贵阳市,2014-09-12 20:00,54,良,PM10
786,遵义市,2014-09-12 20:00,66,良,PM10
787,昆明市,2014-09-12 20:00,52,良,PM10
788,曲靖市,2014-09-12 20:00,43,优,None
789,玉溪市,2014-09-12 20:00,21,优,None
790,拉萨市,2014-09-12 20:00,50,优,None
791,西安市,2014-09-12 20:00,37,优,None
792,铜川市,2014-09-12 20:00,31,优,None
793,宝鸡市,2014-09-12 20:00,71,良,PM10
794,咸阳市,2014-09-12 20:00,26,优,None
795,渭南市,2014-09-12 20:00,26,优,None
796,延安市,2014-09-12 20:00,55,良,PM10
797,兰州市,2014-09-12 20:00,86,良,PM10
798,嘉峪关市,2014-09-12 20:00,79,良,PM10
799,金昌市,2014-09-12 20:00,35,优,None
800,西宁市,2014-09-12 20:00,70,良,PM10
801,银川市,2014-09-12 20:00,62,良,PM10
802,石嘴山市,2014-09-12 20:00,60,良,PM10
803,乌鲁木齐市,2014-09-12 20:00,53,良,PM10
804,克拉玛依市,2014-09-12 20:00,53,良,PM10
805,库尔勒市,2014-09-12 20:00,43,优,None
806,北京市,2014-09-12 19:00,77,良,PM2.5
807,天津市,2014-09-12 19:00,55,良,PM10,PM2.5
808,石家庄市,2014-09-12 19:00,55,良,PM2.5
809,唐山市,2014-09-12 19:00,100,良,PM2.5
810,秦皇岛市,2014-09-12 19:00,69,良,PM2.5
811,邯郸市,2014-09-12 19:00,74,良,PM10
812,邢台市,2014-09-12 19:00,52,良,PM10
813,保定市,2014-09-12 19:00,57,良,PM10
814,承德市,2014-09-12 19:00,82,良,PM2.5
815,沧州市,2014-09-12 19:00,51,良,PM10
816,廊坊市,2014-09-12 19:00,61,良,PM10
817,衡水市,2014-09-12 19:00,88,良,PM2.5
818,张家口市,2014-09-12 19:00,28,优,None
819,太原市,2014-09-12 19:00,37,优,None
820,大同市,2014-09-12 19:00,23,优,None
821,阳泉市,2014-09-12 19:00,38,优,None
822,长治市,2014-09-12 19:00,28,优,None
823,临汾市,2014-09-12 19:00,25,优,None
824,呼和浩特市,2014-09-12 19:00,49,优,None
825,包头市,2014-09-12 19:00,63,良,PM10,PM2.5
826,赤峰市,2014-09-12 19:00,89,良,PM10
827,鄂尔多斯市,2014-09-12 19:00,36,优,None
828,沈阳市,2014-09-12 19:00,70,良,PM10
829,大连市,2014-09-12 19:00,87,良,PM10
830,鞍山市,2014-09-12 19:00,75,良,PM10
831,抚顺市,2014-09-12 19:00,53,良,PM10
832,本溪市,2014-09-12 19:00,78,良,PM10
833,丹东市,2014-09-12 19:00,65,良,PM10
834,锦州市,2014-09-12 19:00,61,良,PM10
835,营口市,2014-09-12 19:00,39,优,None
836,盘锦市,2014-09-12 19:00,71,良,PM10
837,葫芦岛市,2014-09-12 19:00,54,良,PM10
838,长春市,2014-09-12 19:00,60,良,PM10
839,吉林市,2014-09-12 19:00,75,良,PM10
840,哈尔滨市,2014-09-12 19:00,54,良,PM10
841,齐齐哈尔市,2014-09-12 19:00,29,优,None
842,大庆市,2014-09-12 19:00,37,优,None
843,牡丹江市,2014-09-12 19:00,59,良,PM10
844,上海市,2014-09-12 19:00,56,良,PM10
845,南京市,2014-09-12 19:00,29,优,None
846,无锡市,2014-09-12 19:00,70,良,PM2.5
847,徐州市,2014-09-12 19:00,48,优,None
848,常州市,2014-09-12 19:00,46,优,None
849,苏州市,2014-09-12 19:00,70,良,PM10
850,南通市,2014-09-12 19:00,56,良,PM10
851,连云港市,2014-09-12 19:00,28,优,None
852,淮安市,2014-09-12 19:00,27,优,None
853,盐城市,2014-09-12 19:00,32,优,None
854,扬州市,2014-09-12 19:00,35,优,None
855,镇江市,2014-09-12 19:00,29,优,None
856,泰州市,2014-09-12 19:00,29,优,None
857,宿迁市,2014-09-12 19:00,19,优,None
858,杭州市,2014-09-12 19:00,72,良,PM2.5
859,宁波市,2014-09-12 19:00,44,优,None
860,温州市,2014-09-12 19:00,55,良,PM10
861,嘉兴市,2014-09-12 19:00,58,良,PM10
862,湖州市,2014-09-12 19:00,63,良,PM10
863,金华市,2014-09-12 19:00,29,优,None
864,衢州市,2014-09-12 19:00,54,良,PM10
865,舟山市,2014-09-12 19:00,36,优,None
866,台州市,2014-09-12 19:00,55,良,PM10
867,丽水市,2014-09-12 19:00,38,优,None
868,绍兴市,2014-09-12 19:00,69,良,PM2.5
869,合肥市,2014-09-12 19:00,16,优,None
870,芜湖市,2014-09-12 19:00,68,良,PM2.5
871,马鞍山市,2014-09-12 19:00,40,优,None
872,福州市,2014-09-12 19:00,45,优,None
873,厦门市,2014-09-12 19:00,32,优,None
874,泉州市,2014-09-12 19:00,46,优,None
875,南昌市,2014-09-12 19:00,77,良,PM10
876,九江市,2014-09-12 19:00,41,优,None
877,济南市,2014-09-12 19:00,73,良,PM2.5
878,青岛市,2014-09-12 19:00,36,优,None
879,淄博市,2014-09-12 19:00,107,轻度污染,PM2.5
880,枣庄市,2014-09-12 19:00,58,良,PM10
881,东营市,2014-09-12 19:00,48,优,None
882,烟台市,2014-09-12 19:00,48,优,None
883,潍坊市,2014-09-12 19:00,114,轻度污染,PM2.5
884,济宁市,2014-09-12 19:00,69,良,PM2.5
885,泰安市,2014-09-12 19:00,73,良,PM10
886,威海市,2014-09-12 19:00,33,优,None
887,日照市,2014-09-12 19:00,53,良,PM10
888,莱芜市,2014-09-12 19:00,117,轻度污染,PM2.5
889,临沂市,2014-09-12 19:00,73,良,PM10
890,德州市,2014-09-12 19:00,60,良,PM10
891,聊城市,2014-09-12 19:00,90,良,PM2.5
892,滨州市,2014-09-12 19:00,70,良,PM10
893,菏泽市,2014-09-12 19:00,74,良,PM2.5
894,郑州市,2014-09-12 19:00,59,良,PM10
895,开封市,2014-09-12 19:00,58,良,PM10
896,洛阳市,2014-09-12 19:00,39,优,None
897,平顶山市,2014-09-12 19:00,48,优,None
898,安阳市,2014-09-12 19:00,59,良,PM2.5
899,焦作市,2014-09-12 19:00,28,优,None
900,三门峡市,2014-09-12 19:00,66,良,PM10
901,武汉市,2014-09-12 19:00,20,优,None
902,宜昌市,2014-09-12 19:00,35,优,None
903,荆州市,2014-09-12 19:00,46,优,None
904,长沙市,2014-09-12 19:00,107,轻度污染,PM10
905,株洲市,2014-09-12 19:00,70,良,PM2.5
906,湘潭市,2014-09-12 19:00,62,良,PM2.5
907,岳阳市,2014-09-12 19:00,66,良,PM10
908,常德市,2014-09-12 19:00,51,良,PM10
909,张家界市,2014-09-12 19:00,59,良,PM10
910,广州市,2014-09-12 19:00,40,优,None
911,韶关市,2014-09-12 19:00,45,优,None
912,深圳市,2014-09-12 19:00,24,优,None
913,珠海市,2014-09-12 19:00,24,优,None
914,汕头市,2014-09-12 19:00,24,优,None
915,佛山市,2014-09-12 19:00,27,优,None
916,江门市,2014-09-12 19:00,33,优,None
917,湛江市,2014-09-12 19:00,41,优,None
918,茂名市,2014-09-12 19:00,45,优,None
919,肇庆市,2014-09-12 19:00,42,优,None
920,惠州市,2014-09-12 19:00,27,优,None
921,梅州市,2014-09-12 19:00,49,优,None
922,汕尾市,2014-09-12 19:00,24,优,None
923,河源市,2014-09-12 19:00,36,优,None
924,阳江市,2014-09-12 19:00,40,优,None
925,清远市,2014-09-12 19:00,52,良,PM10
926,东莞市,2014-09-12 19:00,26,优,None
927,中山市,2014-09-12 19:00,20,优,None
928,潮州市,2014-09-12 19:00,55,良,PM2.5
929,揭阳市,2014-09-12 19:00,38,优,None
930,云浮市,2014-09-12 19:00,70,良,PM10
931,南宁市,2014-09-12 19:00,57,良,PM10
932,柳州市,2014-09-12 19:00,54,良,PM10
933,桂林市,2014-09-12 19:00,50,优,None
934,北海市,2014-09-12 19:00,21,优,None
935,海口市,2014-09-12 19:00,30,优,None
936,三亚市,2014-09-12 19:00,17,优,None
937,重庆市,2014-09-12 19:00,50,优,None
938,成都市,2014-09-12 19:00,34,优,None
939,自贡市,2014-09-12 19:00,56,良,PM10
940,攀枝花市,2014-09-12 19:00,25,优,None
941,泸州市,2014-09-12 19:00,35,优,None
942,德阳市,2014-09-12 19:00,23,优,None
943,绵阳市,2014-09-12 19:00,24,优,None
944,南充市,2014-09-12 19:00,42,优,None
945,宜宾市,2014-09-12 19:00,36,优,None
946,贵阳市,2014-09-12 19:00,49,优,None
947,遵义市,2014-09-12 19:00,58,良,PM10
948,昆明市,2014-09-12 19:00,41,优,None
949,曲靖市,2014-09-12 19:00,41,优,None
950,玉溪市,2014-09-12 19:00,18,优,None
951,拉萨市,2014-09-12 19:00,39,优,None
952,西安市,2014-09-12 19:00,33,优,None
953,铜川市,2014-09-12 19:00,31,优,None
954,宝鸡市,2014-09-12 19:00,77,良,PM2.5
955,咸阳市,2014-09-12 19:00,29,优,None
956,渭南市,2014-09-12 19:00,24,优,None
957,延安市,2014-09-12 19:00,51,良,PM10
958,兰州市,2014-09-12 19:00,72,良,PM10,PM2.5
959,嘉峪关市,2014-09-12 19:00,71,良,PM10
960,金昌市,2014-09-12 19:00,31,优,None
961,西宁市,2014-09-12 19:00,67,良,PM10
962,银川市,2014-09-12 19:00,57,良,PM10
963,石嘴山市,2014-09-12 19:00,58,良,PM10
964,乌鲁木齐市,2014-09-12 19:00,52,良,PM10
965,克拉玛依市,2014-09-12 19:00,57,良,PM10
966,库尔勒市,2014-09-12 19:00,35,优,None
967,北京市,2014-09-12 18:00,77,良,PM2.5
968,天津市,2014-09-12 18:00,51,良,PM10
969,石家庄市,2014-09-12 18:00,50,优,None
970,唐山市,2014-09-12 18:00,104,轻度污染,PM2.5
971,秦皇岛市,2014-09-12 18:00,69,良,PM2.5
972,邯郸市,2014-09-12 18:00,63,良,PM2.5
973,邢台市,2014-09-12 18:00,64,良,PM10
974,保定市,2014-09-12 18:00,43,优,None
975,承德市,2014-09-12 18:00,90,良,PM2.5
976,沧州市,2014-09-12 18:00,47,优,None
977,廊坊市,2014-09-12 18:00,54,良,PM10
978,衡水市,2014-09-12 18:00,73,良,PM2.5
979,张家口市,2014-09-12 18:00,52,良,PM2.5
980,太原市,2014-09-12 18:00,34,优,None
981,大同市,2014-09-12 18:00,19,优,None
982,阳泉市,2014-09-12 18:00,41,优,None
983,长治市,2014-09-12 18:00,24,优,None
984,临汾市,2014-09-12 18:00,23,优,None
985,呼和浩特市,2014-09-12 18:00,51,良,PM10
986,包头市,2014-09-12 18:00,74,良,PM2.5
987,赤峰市,2014-09-12 18:00,89,良,PM2.5
988,鄂尔多斯市,2014-09-12 18:00,38,优,None
989,沈阳市,2014-09-12 18:00,59,良,PM10
990,大连市,2014-09-12 18:00,58,良,PM10
991,鞍山市,2014-09-12 18:00,61,良,PM10
992,抚顺市,2014-09-12 18:00,40,优,None
993,本溪市,2014-09-12 18:00,70,良,PM10
994,丹东市,2014-09-12 18:00,47,优,None
995,锦州市,2014-09-12 18:00,51,良,PM10
996,营口市,2014-09-12 18:00,38,优,None
997,盘锦市,2014-09-12 18:00,62,良,PM10
998,葫芦岛市,2014-09-12 18:00,55,良,PM10
999,长春市,2014-09-12 18:00,49,优,None
1000,吉林市,2014-09-12 18:00,49,优,None
1001,哈尔滨市,2014-09-12 18:00,36,优,None
1002,齐齐哈尔市,2014-09-12 18:00,25,优,None
1003,大庆市,2014-09-12 18:00,28,优,None
1004,牡丹江市,2014-09-12 18:00,45,优,None
1005,上海市,2014-09-12 18:00,56,良,PM10
1006,南京市,2014-09-12 18:00,32,优,None
1007,无锡市,2014-09-12 18:00,62,良,PM10
1008,徐州市,2014-09-12 18:00,49,优,None
1009,常州市,2014-09-12 18:00,59,良,PM2.5
1010,苏州市,2014-09-12 18:00,80,良,PM10
1011,南通市,2014-09-12 18:00,53,良,PM2.5
1012,连云港市,2014-09-12 18:00,28,优,None
1013,淮安市,2014-09-12 18:00,25,优,None
1014,盐城市,2014-09-12 18:00,31,优,None
1015,扬州市,2014-09-12 18:00,24,优,None
1016,镇江市,2014-09-12 18:00,30,优,None
1017,泰州市,2014-09-12 18:00,38,优,None
1018,宿迁市,2014-09-12 18:00,17,优,None
1019,杭州市,2014-09-12 18:00,86,良,PM10
1020,宁波市,2014-09-12 18:00,39,优,None
1021,温州市,2014-09-12 18:00,55,良,PM10
1022,嘉兴市,2014-09-12 18:00,55,良,PM10
1023,湖州市,2014-09-12 18:00,63,良,PM10
1024,金华市,2014-09-12 18:00,32,优,None
1025,衢州市,2014-09-12 18:00,53,良,PM10
1026,舟山市,2014-09-12 18:00,34,优,None
1027,台州市,2014-09-12 18:00,55,良,PM2.5
1028,丽水市,2014-09-12 18:00,39,优,None
1029,绍兴市,2014-09-12 18:00,77,良,PM2.5
1030,合肥市,2014-09-12 18:00,15,优,None
1031,芜湖市,2014-09-12 18:00,68,良,PM10,PM2.5
1032,马鞍山市,2014-09-12 18:00,46,优,None
1033,福州市,2014-09-12 18:00,53,良,PM10
1034,厦门市,2014-09-12 18:00,35,优,None
1035,泉州市,2014-09-12 18:00,40,优,None
1036,南昌市,2014-09-12 18:00,66,良,PM10
1037,九江市,2014-09-12 18:00,48,优,None
1038,济南市,2014-09-12 18:00,69,良,PM2.5
1039,青岛市,2014-09-12 18:00,41,优,None
1040,淄博市,2014-09-12 18:00,114,轻度污染,PM2.5
1041,枣庄市,2014-09-12 18:00,53,良,PM10
1042,东营市,2014-09-12 18:00,50,优,None
1043,烟台市,2014-09-12 18:00,34,优,None
1044,潍坊市,2014-09-12 18:00,97,良,PM2.5
1045,济宁市,2014-09-12 18:00,72,良,PM2.5
1046,泰安市,2014-09-12 18:00,62,良,PM10
1047,威海市,2014-09-12 18:00,33,优,None
1048,日照市,2014-09-12 18:00,54,良,PM10
1049,莱芜市,2014-09-12 18:00,113,轻度污染,PM2.5
1050,临沂市,2014-09-12 18:00,61,良,PM10
1051,德州市,2014-09-12 18:00,53,良,PM2.5
1052,聊城市,2014-09-12 18:00,88,良,PM2.5
1053,滨州市,2014-09-12 18:00,61,良,PM10
1054,菏泽市,2014-09-12 18:00,73,良,PM10
1055,郑州市,2014-09-12 18:00,55,良,PM10
1056,开封市,2014-09-12 18:00,44,优,None
1057,洛阳市,2014-09-12 18:00,32,优,None
1058,平顶山市,2014-09-12 18:00,48,优,None
1059,安阳市,2014-09-12 18:00,47,优,None
1060,焦作市,2014-09-12 18:00,24,优,None
1061,三门峡市,2014-09-12 18:00,61,良,PM10
1062,武汉市,2014-09-12 18:00,25,优,None
1063,宜昌市,2014-09-12 18:00,30,优,None
1064,荆州市,2014-09-12 18:00,44,优,None
1065,长沙市,2014-09-12 18:00,69,良,PM2.5
1066,株洲市,2014-09-12 18:00,62,良,PM2.5
1067,湘潭市,2014-09-12 18:00,55,良,PM2.5
1068,岳阳市,2014-09-12 18:00,70,良,PM10
1069,常德市,2014-09-12 18:00,53,良,PM10
1070,张家界市,2014-09-12 18:00,56,良,PM10
1071,广州市,2014-09-12 18:00,37,优,None
1072,韶关市,2014-09-12 18:00,35,优,None
1073,深圳市,2014-09-12 18:00,26,优,None
1074,珠海市,2014-09-12 18:00,24,优,None
1075,汕头市,2014-09-12 18:00,21,优,None
1076,佛山市,2014-09-12 18:00,28,优,None
1077,江门市,2014-09-12 18:00,31,优,None
1078,湛江市,2014-09-12 18:00,45,优,None
1079,茂名市,2014-09-12 18:00,68,良,PM10
1080,肇庆市,2014-09-12 18:00,43,优,None
1081,惠州市,2014-09-12 18:00,20,优,None
1082,梅州市,2014-09-12 18:00,42,优,None
1083,汕尾市,2014-09-12 18:00,29,优,None
1084,河源市,2014-09-12 18:00,51,良,PM10
1085,阳江市,2014-09-12 18:00,47,优,None
1086,清远市,2014-09-12 18:00,40,优,None
1087,东莞市,2014-09-12 18:00,25,优,None
1088,中山市,2014-09-12 18:00,19,优,None
1089,潮州市,2014-09-12 18:00,45,优,None
1090,揭阳市,2014-09-12 18:00,28,优,None
1091,云浮市,2014-09-12 18:00,69,良,PM10
1092,南宁市,2014-09-12 18:00,50,优,None
1093,柳州市,2014-09-12 18:00,55,良,PM10
1094,桂林市,2014-09-12 18:00,38,优,None
1095,北海市,2014-09-12 18:00,24,优,None
1096,海口市,2014-09-12 18:00,38,优,None
1097,三亚市,2014-09-12 18:00,15,优,None
1098,重庆市,2014-09-12 18:00,56,良,PM10
1099,成都市,2014-09-12 18:00,26,优,None
1100,自贡市,2014-09-12 18:00,47,优,None
1101,攀枝花市,2014-09-12 18:00,24,优,None
1102,泸州市,2014-09-12 18:00,36,优,None
1103,德阳市,2014-09-12 18:00,26,优,None
1104,绵阳市,2014-09-12 18:00,22,优,None
1105,南充市,2014-09-12 18:00,40,优,None
1106,宜宾市,2014-09-12 18:00,29,优,None
1107,贵阳市,2014-09-12 18:00,44,优,None
1108,遵义市,2014-09-12 18:00,56,良,PM10
1109,昆明市,2014-09-12 18:00,40,优,None
1110,曲靖市,2014-09-12 18:00,36,优,None
1111,玉溪市,2014-09-12 18:00,20,优,None
1112,拉萨市,2014-09-12 18:00,26,优,None
1113,西安市,2014-09-12 18:00,35,优,None
1114,铜川市,2014-09-12 18:00,31,优,None
1115,宝鸡市,2014-09-12 18:00,83,良,PM2.5
1116,咸阳市,2014-09-12 18:00,32,优,None
1117,渭南市,2014-09-12 18:00,24,优,None
1118,延安市,2014-09-12 18:00,46,优,None
1119,兰州市,2014-09-12 18:00,68,良,PM10
1120,嘉峪关市,2014-09-12 18:00,71,良,PM10
1121,金昌市,2014-09-12 18:00,32,优,None
1122,西宁市,2014-09-12 18:00,60,良,PM10
1123,银川市,2014-09-12 18:00,56,良,PM10
1124,石嘴山市,2014-09-12 18:00,57,良,PM10
1125,乌鲁木齐市,2014-09-12 18:00,51,良,PM10
1126,克拉玛依市,2014-09-12 18:00,58,良,PM10
1127,库尔勒市,2014-09-12 18:00,30,优,None
1128,北京市,2014-09-12 17:00,85,良,PM2.5
1129,天津市,2014-09-12 17:00,46,优,None
1130,石家庄市,2014-09-12 17:00,45,优,None
1131,唐山市,2014-09-12 17:00,129,轻度污染,PM2.5
1132,秦皇岛市,2014-09-12 17:00,66,良,PM10
1133,邯郸市,2014-09-12 17:00,69,良,PM2.5
1134,邢台市,2014-09-12 17:00,56,良,PM10
1135,保定市,2014-09-12 17:00,37,优,None
1136,承德市,2014-09-12 17:00,84,良,PM2.5
1137,沧州市,2014-09-12 17:00,38,优,None
1138,廊坊市,2014-09-12 17:00,51,良,PM10
1139,衡水市,2014-09-12 17:00,72,良,PM2.5
1140,张家口市,2014-09-12 17:00,38,优,None
1141,太原市,2014-09-12 17:00,32,优,None
1142,大同市,2014-09-12 17:00,30,优,None
1143,阳泉市,2014-09-12 17:00,48,优,None
1144,长治市,2014-09-12 17:00,23,优,None
1145,临汾市,2014-09-12 17:00,24,优,None
1146,呼和浩特市,2014-09-12 17:00,50,优,None
1147,包头市,2014-09-12 17:00,79,良,PM2.5
1148,赤峰市,2014-09-12 17:00,94,良,PM2.5
1149,鄂尔多斯市,2014-09-12 17:00,51,良,PM10
1150,沈阳市,2014-09-12 17:00,52,良,PM10
1151,大连市,2014-09-12 17:00,None,None,None
1152,鞍山市,2014-09-12 17:00,59,良,PM10
1153,抚顺市,2014-09-12 17:00,31,优,None
1154,本溪市,2014-09-12 17:00,55,良,PM10
1155,丹东市,2014-09-12 17:00,30,优,None
1156,锦州市,2014-09-12 17:00,52,良,PM10
1157,营口市,2014-09-12 17:00,39,优,None
1158,盘锦市,2014-09-12 17:00,43,优,None
1159,葫芦岛市,2014-09-12 17:00,48,优,None
1160,长春市,2014-09-12 17:00,33,优,None
1161,吉林市,2014-09-12 17:00,26,优,None
1162,哈尔滨市,2014-09-12 17:00,22,优,None
1163,齐齐哈尔市,2014-09-12 17:00,27,优,None
1164,大庆市,2014-09-12 17:00,26,优,None
1165,牡丹江市,2014-09-12 17:00,27,优,None
1166,上海市,2014-09-12 17:00,55,良,PM10
1167,南京市,2014-09-12 17:00,35,优,None
1168,无锡市,2014-09-12 17:00,62,良,PM10
1169,徐州市,2014-09-12 17:00,42,优,None
1170,常州市,2014-09-12 17:00,64,良,PM2.5
1171,苏州市,2014-09-12 17:00,71,良,PM10
1172,南通市,2014-09-12 17:00,52,良,PM2.5
1173,连云港市,2014-09-12 17:00,29,优,None
1174,淮安市,2014-09-12 17:00,27,优,None
1175,盐城市,2014-09-12 17:00,32,优,None
1176,扬州市,2014-09-12 17:00,26,优,None
1177,镇江市,2014-09-12 17:00,37,优,None
1178,泰州市,2014-09-12 17:00,35,优,None
1179,宿迁市,2014-09-12 17:00,19,优,None
1180,杭州市,2014-09-12 17:00,74,良,PM10
1181,宁波市,2014-09-12 17:00,35,优,None
1182,温州市,2014-09-12 17:00,55,良,PM10
1183,嘉兴市,2014-09-12 17:00,59,良,PM10
1184,湖州市,2014-09-12 17:00,68,良,PM2.5
1185,金华市,2014-09-12 17:00,51,良,PM10
1186,衢州市,2014-09-12 17:00,50,优,None
1187,舟山市,2014-09-12 17:00,32,优,None
1188,台州市,2014-09-12 17:00,50,优,None
1189,丽水市,2014-09-12 17:00,41,优,None
1190,绍兴市,2014-09-12 17:00,65,良,PM2.5
1191,合肥市,2014-09-12 17:00,31,优,None
1192,芜湖市,2014-09-12 17:00,87,良,PM2.5
1193,马鞍山市,2014-09-12 17:00,51,良,PM10
1194,福州市,2014-09-12 17:00,54,良,PM10
1195,厦门市,2014-09-12 17:00,35,优,None
1196,泉州市,2014-09-12 17:00,42,优,None
1197,南昌市,2014-09-12 17:00,69,良,PM10
1198,九江市,2014-09-12 17:00,80,良,PM10
1199,济南市,2014-09-12 17:00,68,良,PM2.5
1200,青岛市,2014-09-12 17:00,41,优,None
1201,淄博市,2014-09-12 17:00,100,良,PM2.5
1202,枣庄市,2014-09-12 17:00,50,优,None
1203,东营市,2014-09-12 17:00,53,良,O3
1204,烟台市,2014-09-12 17:00,35,优,None
1205,潍坊市,2014-09-12 17:00,119,轻度污染,PM2.5
1206,济宁市,2014-09-12 17:00,60,良,PM2.5
1207,泰安市,2014-09-12 17:00,54,良,PM10
1208,威海市,2014-09-12 17:00,40,优,None
1209,日照市,2014-09-12 17:00,30,优,None
1210,莱芜市,2014-09-12 17:00,107,轻度污染,PM2.5
1211,临沂市,2014-09-12 17:00,55,良,PM10
1212,德州市,2014-09-12 17:00,52,良,PM2.5
1213,聊城市,2014-09-12 17:00,95,良,PM2.5
1214,滨州市,2014-09-12 17:00,57,良,PM10
1215,菏泽市,2014-09-12 17:00,63,良,PM10
1216,郑州市,2014-09-12 17:00,54,良,PM10
1217,开封市,2014-09-12 17:00,41,优,None
1218,洛阳市,2014-09-12 17:00,26,优,None
1219,平顶山市,2014-09-12 17:00,44,优,None
1220,安阳市,2014-09-12 17:00,39,优,None
1221,焦作市,2014-09-12 17:00,21,优,None
1222,三门峡市,2014-09-12 17:00,60,良,PM10
1223,武汉市,2014-09-12 17:00,26,优,None
1224,宜昌市,2014-09-12 17:00,36,优,None
1225,荆州市,2014-09-12 17:00,39,优,None
1226,长沙市,2014-09-12 17:00,70,良,PM2.5
1227,株洲市,2014-09-12 17:00,53,良,PM2.5
1228,湘潭市,2014-09-12 17:00,57,良,PM2.5
1229,岳阳市,2014-09-12 17:00,74,良,PM10
1230,常德市,2014-09-12 17:00,69,良,PM10,PM2.5
1231,张家界市,2014-09-12 17:00,45,优,None
1232,广州市,2014-09-12 17:00,35,优,None
1233,韶关市,2014-09-12 17:00,33,优,None
1234,深圳市,2014-09-12 17:00,31,优,None
1235,珠海市,2014-09-12 17:00,29,优,None
1236,汕头市,2014-09-12 17:00,36,优,None
1237,佛山市,2014-09-12 17:00,25,优,None
1238,江门市,2014-09-12 17:00,22,优,None
1239,湛江市,2014-09-12 17:00,36,优,None
1240,茂名市,2014-09-12 17:00,66,良,PM10
1241,肇庆市,2014-09-12 17:00,56,良,PM10
1242,惠州市,2014-09-12 17:00,21,优,None
1243,梅州市,2014-09-12 17:00,54,良,PM10
1244,汕尾市,2014-09-12 17:00,18,优,None
1245,河源市,2014-09-12 17:00,51,良,PM10
1246,阳江市,2014-09-12 17:00,48,优,None
1247,清远市,2014-09-12 17:00,44,优,None
1248,东莞市,2014-09-12 17:00,25,优,None
1249,中山市,2014-09-12 17:00,18,优,None
1250,潮州市,2014-09-12 17:00,30,优,None
1251,揭阳市,2014-09-12 17:00,47,优,None
1252,云浮市,2014-09-12 17:00,58,良,PM10
1253,南宁市,2014-09-12 17:00,49,优,None
1254,柳州市,2014-09-12 17:00,41,优,None
1255,桂林市,2014-09-12 17:00,46,优,None
1256,北海市,2014-09-12 17:00,29,优,None
1257,海口市,2014-09-12 17:00,20,优,None
1258,三亚市,2014-09-12 17:00,18,优,None
1259,重庆市,2014-09-12 17:00,62,良,PM10
1260,成都市,2014-09-12 17:00,30,优,None
1261,自贡市,2014-09-12 17:00,57,良,PM10
1262,攀枝花市,2014-09-12 17:00,22,优,None
1263,泸州市,2014-09-12 17:00,39,优,None
1264,德阳市,2014-09-12 17:00,27,优,None
1265,绵阳市,2014-09-12 17:00,26,优,None
1266,南充市,2014-09-12 17:00,41,优,None
1267,宜宾市,2014-09-12 17:00,29,优,None